SET SQL_MODE = "NO_AUTO_VALUE_ON_ZERO";
START TRANSACTION;
SET time_zone = "+00:00";

/*!40101 SET @OLD_CHARACTER_SET_CLIENT=@@CHARACTER_SET_CLIENT */;
/*!40101 SET @OLD_CHARACTER_SET_RESULTS=@@CHARACTER_SET_RESULTS */;
/*!40101 SET @OLD_COLLATION_CONNECTION=@@COLLATION_CONNECTION */;
/*!40101 SET NAMES utf8mb4 */;

CREATE DATABASE IF NOT EXISTS `Inmobiliaria_NET` DEFAULT CHARACTER SET utf8 COLLATE utf8_bin;
USE `Inmobiliaria_NET`;

CREATE TABLE IF NOT EXISTS `Contratos` (
  `ID` int(11) NOT NULL AUTO_INCREMENT,
  `Locatario` int(11) NOT NULL,
  `Propiedad` int(11) NOT NULL,
  `FechaLímite` datetime NOT NULL,
  `FechaContrato` datetime NOT NULL DEFAULT current_timestamp(),
  `Vigente` tinyint(1) NOT NULL DEFAULT 1,
  `Monto` int(11) NOT NULL DEFAULT 0,
  PRIMARY KEY (`ID`),
  KEY `Locatario` (`Locatario`),
  KEY `Propiedad` (`Propiedad`)
) ENGINE=InnoDB AUTO_INCREMENT=52 DEFAULT CHARSET=utf8 COLLATE=utf8_bin;

INSERT INTO `Contratos` (`ID`, `Locatario`, `Propiedad`, `FechaLímite`, `FechaContrato`, `Vigente`, `Monto`) VALUES
(3, 1, 1, '0001-01-01 00:00:00', '2023-04-18 15:19:38', 0, 0),
(6, 1, 14, '2024-05-05 19:05:27', '2023-04-18 15:19:38', 0, 0),
(7, 1, 2, '2024-05-05 19:06:38', '2023-04-18 17:25:09', 0, 0),
(10, 1, 15, '2024-05-05 19:07:01', '0001-01-01 00:00:00', 0, 0),
(14, 1, 16, '2024-05-05 19:07:27', '2024-06-25 00:00:00', 0, 0),
(22, 1, 18, '2024-05-05 19:08:52', '2024-05-10 00:00:00', 0, 0),
(23, 1, 1, '2024-05-05 19:12:57', '2024-01-01 00:00:00', 0, 0),
(24, 1, 14, '2024-05-05 19:15:35', '2023-06-01 00:00:00', 0, 0),
(25, 1, 16, '2024-05-05 19:18:56', '2024-01-01 00:00:00', 0, 0),
(26, 1, 16, '2024-05-05 19:19:49', '2023-01-01 00:00:00', 0, 0),
(27, 1, 16, '2024-05-05 19:22:38', '2024-01-01 00:00:00', 0, 0),
(28, 6, 1, '2024-05-23 12:42:09', '1999-01-01 00:00:00', 0, 0),
(29, 1, 3, '2024-05-05 19:25:29', '2024-02-01 00:00:00', 0, 0),
(30, 1, 18, '2024-05-05 19:26:08', '2025-01-01 00:00:00', 0, 0),
(31, 1, 14, '2024-05-05 19:30:44', '2024-07-01 00:00:00', 0, 0),
(32, 1, 15, '2024-05-05 19:33:30', '2024-07-01 00:00:00', 0, 0),
(33, 1, 14, '2024-05-05 19:39:33', '2024-07-01 00:00:00', 0, 0),
(34, 1, 17, '2024-05-05 19:40:00', '2024-04-01 00:00:00', 0, 0),
(35, 7, 18, '2024-06-10 11:44:52', '2024-06-01 00:00:00', 0, 0),
(36, 1, 17, '2024-05-05 19:43:17', '2024-06-01 00:00:00', 0, 0),
(37, 1, 14, '2024-05-05 19:44:46', '2024-04-01 00:00:00', 0, 0),
(38, 1, 1, '2024-05-05 19:52:35', '2024-01-01 00:00:00', 0, 0),
(39, 1, 3, '2024-05-05 19:52:54', '2024-04-01 00:00:00', 0, 0),
(40, 10, 16, '2025-01-01 00:00:00', '2024-09-01 00:00:00', 1, 0),
(41, 7, 14, '2024-05-05 19:58:08', '2024-01-01 00:00:00', 0, 0),
(42, 6, 20, '2024-09-10 00:00:00', '2024-05-10 00:00:00', 1, 0),
(43, 6, 14, '2024-11-11 00:00:00', '2024-05-11 00:00:00', 1, 0),
(44, 1, 3, '2024-09-10 00:00:00', '2024-06-10 00:00:00', 1, 165000),
(45, 6, 21, '2024-08-01 00:00:00', '2024-07-01 00:00:00', 1, 4500000),
(47, 12, 30, '2025-11-01 00:00:00', '2024-11-06 00:00:00', 1, 155000),
(48, 7, 33, '2026-11-30 00:00:00', '2024-11-06 00:00:00', 1, 275000),
(49, 9, 27, '2026-12-01 00:00:00', '2024-11-06 00:00:00', 1, 110000),
(50, 13, 33, '2025-02-01 00:00:00', '2024-11-08 00:00:00', 0, 150000),
(51, 11, 31, '2025-02-01 00:00:00', '2024-11-08 00:00:00', 0, 150000);

CREATE TABLE IF NOT EXISTS `Inmuebles` (
  `ID` int(11) NOT NULL AUTO_INCREMENT,
  `Direccion` varchar(255) COLLATE utf8_bin DEFAULT NULL,
  `Superficie` smallint(6) NOT NULL,
  `Precio` int(11) DEFAULT NULL,
  `Propietario` int(11) NOT NULL,
  `Tipo` varchar(32) COLLATE utf8_bin DEFAULT NULL,
  `Uso` varchar(32) COLLATE utf8_bin DEFAULT NULL,
  `Ambientes` tinyint(4) NOT NULL DEFAULT 0,
  `Disponible` tinyint(1) NOT NULL DEFAULT 1,
  `CoordenadasX` float NOT NULL DEFAULT 0,
  `CoordenadasY` float NOT NULL DEFAULT 0,
  `UrlFoto` varchar(255) COLLATE utf8_bin DEFAULT NULL,
  PRIMARY KEY (`ID`),
  KEY `Propietario` (`Propietario`)
) ENGINE=InnoDB AUTO_INCREMENT=34 DEFAULT CHARSET=utf8 COLLATE=utf8_bin;

INSERT INTO `Inmuebles` (`ID`, `Direccion`, `Superficie`, `Precio`, `Propietario`, `Tipo`, `Uso`, `Ambientes`, `Disponible`, `CoordenadasX`, `CoordenadasY`, `UrlFoto`) VALUES
(1, '1001 Calle 123', 200, 485000, 4, 'Casa', 'Personal', 10, 1, -64.0989, -32.7735, NULL),
(2, '1301 Calle 123', 450, 165000, 4, 'Casa', 'Personal', 12, 1, -64.1083, -32.7699, NULL),
(3, '3201 Calle 123', 250, 112000, 5, 'Galpón', 'Comercial', 1, 1, -64.1104, -32.768, NULL),
(14, '835 Park Drive Dept. 1211', 103, 119000, 6, 'Departamento', 'Personal', 4, 1, -64.1195, -32.6839, NULL),
(15, '10333 Park Drive', 58, 750000, 7, 'Local', 'Comercial', 3, 1, -63.9901, -32.6584, NULL),
(16, '3972 Cerezo Ave. Dept. 1209', 75, 250000, 1, 'Departamento', 'Personal', 3, 1, -64.1873, -32.7239, NULL),
(17, '10091 Calle 94', 249, 244000, 5, 'Galpón', 'Personal', 2, 1, -64.1752, -32.6911, NULL),
(18, 'Km 1039 Ruta Nacional 7', 4000, 1200000, 5, 'Terreno', 'Personal', 0, 1, -63.7501, -32.5776, NULL),
(19, '284 Calle 10', 60, 350000, 4, 'Local', 'Comercial', 1, 0, -64.1303, -32.7894, NULL),
(20, '3028 Calle 15', 84, 600000, 5, 'Local', 'Comercial', 3, 1, -64.1279, -32.7642, NULL),
(21, '999 Calle 12', 1094, 740000, 9, 'Galpón', 'Comercial', 1, 1, -65.771, -33.298, NULL),
(22, '16777 Ruta 216', 4095, 850000, 10, 'Terreno', 'Personal', 1, 1, -65.788, -33.899, NULL),
(23, '2024 Year Lane', 100, 245000, 15, 'Galpón', 'Galpón', 1, 0, -67.2295, -33.8591, NULL),
(24, 'Embalse Cruz de Piedra', 5000, 3000000, 15, 'Terreno', 'Terreno', 0, 0, -66, -33, NULL),
(25, '0 Dummy Lane', 1, 1, 16, 'Casa', 'Casa', 1, 0, -66, -33, NULL),
(26, '0 Dummy Lane', 1, 1, 16, 'Casa', 'Casa', 1, 0, -66, -33, NULL),
(27, 'Algún lado', 32767, 1001, 15, 'Galpón', 'Personal', 1, 1, -89.2442, 10.8665, NULL),
(28, '100 Dummy Lane', 150, 450000, 15, 'Casa', 'Personal', 9, 0, -34.0095, -67.1228, NULL),
(29, '100 Dummy Lane', 150, 450000, 15, 'Casa', 'Personal', 9, 0, -34.0095, -67.1228, '/Inmuebles/Inmueble_29.jpg'),
(30, '300 Dummy Lane', 300, 640000, 15, 'Casa', 'Personal', 8, 0, -34.0775, -67.1099, '/Inmuebles/Inmueble_30.jpg'),
(31, '300 Dummy Lane', 300, 640000, 15, 'Casa', 'Personal', 8, 0, -34.0775, -67.1099, '/Inmuebles/Inmueble_31.jpg'),
(32, '300 Dummy Lane', 300, 640000, 15, 'Casa', 'Personal', 8, 1, -34.0775, -67.1099, '/Inmuebles/Inmueble_32.jpg'),
(33, '400 Dummy Lane', 125, 175000, 15, 'Casa', 'Personal', 7, 0, -66, -33, '/Inmuebles/Inmueble_33.jpg');

CREATE TABLE IF NOT EXISTS `Inquilinos` (
  `ID` int(11) NOT NULL AUTO_INCREMENT,
  `Nombre` varchar(128) COLLATE utf8_bin NOT NULL,
  `DNI` varchar(10) COLLATE utf8_bin NOT NULL,
  `Contacto` varchar(1000) COLLATE utf8_bin DEFAULT 'Sin especificar',
  PRIMARY KEY (`ID`)
) ENGINE=InnoDB AUTO_INCREMENT=14 DEFAULT CHARSET=utf8 COLLATE=utf8_bin;

INSERT INTO `Inquilinos` (`ID`, `Nombre`, `DNI`, `Contacto`) VALUES
(1, 'Vivo aquí', '48D80BE1', 'dummy@example.net'),
(4, 'Jane Doe', '4A29FB9C', 'jdoe@example.com'),
(5, 'Richard Roe', '40F713D9', 'rroe@example.org'),
(6, 'Sin identificar', 'No', 'Sin especificar'),
(7, 'Rebecca Goldstein', '3E01D64A', 'goldstein@example.net'),
(8, 'Marvin von Gelb', '3FF087D7', 'gelb@example.net'),
(9, 'Mariano Luzza', '51BA87EC', 'luzza@example.net'),
(10, 'Ludwig van Patten', '5408CB7E', 'ludwig@vanpattenlaw.com - 555-8001 - 1157 Spring Ave.'),
(11, 'Yuuki Yamazaki', '54E9077D', 'yamazaki@example.net'),
(12, 'Fang Liangxing', '54EB593A', 'fang@example.net'),
(13, 'Astor F. Aricó', '54FF220E', 'astorarico72@gmail.com');

CREATE TABLE IF NOT EXISTS `Pagos` (
  `ID` int(11) NOT NULL AUTO_INCREMENT,
  `NumeroPago` int(11) NOT NULL,
  `IdContrato` int(11) NOT NULL,
  `Monto` int(11) NOT NULL,
  `FechaPago` datetime NOT NULL DEFAULT current_timestamp(),
  `Pagado` tinyint(1) NOT NULL DEFAULT 0,
  PRIMARY KEY (`ID`),
  KEY `IdContrato` (`IdContrato`)
) ENGINE=InnoDB AUTO_INCREMENT=158 DEFAULT CHARSET=utf8 COLLATE=utf8_bin;

INSERT INTO `Pagos` (`ID`, `NumeroPago`, `IdContrato`, `Monto`, `FechaPago`, `Pagado`) VALUES
(1, 1, 3, 44200, '2024-04-15 00:00:00', 1),
(3, 2, 3, 48500, '2024-04-15 00:00:00', 1),
(4, 3, 3, 48500, '2024-04-15 17:42:48', 0),
(5, 1, 6, 97000, '2024-04-15 00:00:00', 1),
(7, 1, 14, 145000, '2024-04-15 17:42:48', 0),
(9, 2, 7, 165000, '2024-04-15 00:00:00', 1),
(14, 1, 22, 1200000, '0001-01-01 00:00:00', 1),
(15, 2, 22, 1200000, '2024-06-10 00:00:00', 1),
(16, 3, 22, 1200000, '2024-07-10 00:00:00', 0),
(17, 4, 22, 1200000, '2024-08-10 00:00:00', 0),
(18, 5, 22, 1200000, '2024-09-10 00:00:00', 0),
(19, 6, 22, 1200000, '2024-10-10 00:00:00', 0),
(20, 7, 22, 1200000, '2024-11-10 00:00:00', 0),
(21, 8, 22, 1200000, '2024-12-10 00:00:00', 0),
(22, 9, 22, 1200000, '2025-01-10 00:00:00', 0),
(23, 10, 22, 1200000, '2025-02-10 00:00:00', 0),
(24, 11, 22, 1200000, '2025-03-10 00:00:00', 0),
(25, 12, 22, 1200000, '2025-04-10 00:00:00', 0),
(26, 13, 22, 1200000, '2025-05-10 00:00:00', 0),
(27, 1, 23, 485000, '2024-01-01 00:00:00', 0),
(28, 2, 23, 485000, '2024-02-01 00:00:00', 0),
(29, 3, 23, 485000, '2024-03-01 00:00:00', 0),
(30, 4, 23, 485000, '2024-04-01 00:00:00', 0),
(31, 5, 23, 485000, '2024-05-01 00:00:00', 0),
(32, 6, 23, 485000, '2024-06-01 00:00:00', 0),
(33, 7, 23, 485000, '2024-07-01 00:00:00', 0),
(34, 8, 23, 485000, '2024-08-01 00:00:00', 0),
(35, 9, 23, 485000, '2024-09-01 00:00:00', 0),
(36, 10, 23, 485000, '2024-10-01 00:00:00', 0),
(37, 11, 23, 485000, '2024-11-01 00:00:00', 0),
(38, 12, 23, 485000, '2024-12-01 00:00:00', 0),
(39, 13, 23, 485000, '2025-01-01 00:00:00', 0),
(40, 14, 23, 485000, '2025-02-01 00:00:00', 0),
(41, 15, 23, 485000, '2025-03-01 00:00:00', 0),
(42, 16, 23, 485000, '2025-04-01 00:00:00', 0),
(43, 17, 23, 485000, '2025-05-01 00:00:00', 0),
(44, 18, 23, 485000, '2025-06-01 00:00:00', 0),
(45, 19, 23, 485000, '2025-07-01 00:00:00', 0),
(46, 20, 23, 485000, '2025-08-01 00:00:00', 0),
(47, 21, 23, 485000, '2025-09-01 00:00:00', 0),
(48, 22, 23, 485000, '2025-10-01 00:00:00', 0),
(49, 23, 23, 485000, '2025-11-01 00:00:00', 0),
(50, 24, 23, 485000, '2025-12-01 00:00:00', 0),
(51, 1, 24, 119000, '2023-06-01 00:00:00', 0),
(52, 2, 24, 119000, '2023-07-01 00:00:00', 0),
(53, 3, 24, 119000, '2023-08-01 00:00:00', 0),
(54, 4, 24, 119000, '2023-09-01 00:00:00', 0),
(55, 5, 24, 119000, '2023-10-01 00:00:00', 0),
(56, 6, 24, 119000, '2023-11-01 00:00:00', 0),
(57, 7, 24, 119000, '2023-12-01 00:00:00', 0),
(58, 8, 24, 119000, '2024-01-01 00:00:00', 0),
(59, 9, 24, 119000, '2024-02-01 00:00:00', 0),
(60, 10, 24, 119000, '2024-03-01 00:00:00', 0),
(61, 11, 24, 119000, '2024-04-01 00:00:00', 0),
(62, 12, 24, 119000, '2024-05-01 00:00:00', 0),
(63, 1, 25, 250000, '2024-01-01 00:00:00', 0),
(64, 2, 25, 250000, '2024-02-01 00:00:00', 0),
(65, 3, 25, 250000, '2024-03-01 00:00:00', 0),
(66, 4, 25, 250000, '2024-04-01 00:00:00', 0),
(67, 5, 25, 250000, '2024-05-01 00:00:00', 0),
(68, 6, 25, 250000, '2024-06-01 00:00:00', 0),
(69, 7, 25, 250000, '2024-07-01 00:00:00', 0),
(70, 8, 25, 250000, '2024-08-01 00:00:00', 0),
(71, 9, 25, 250000, '2024-09-01 00:00:00', 0),
(72, 10, 25, 250000, '2024-10-01 00:00:00', 0),
(73, 11, 25, 250000, '2024-11-01 00:00:00', 0),
(74, 12, 25, 250000, '2024-12-01 00:00:00', 0),
(75, 1, 26, 250000, '2023-01-01 00:00:00', 0),
(76, 2, 26, 250000, '2023-02-01 00:00:00', 0),
(77, 3, 26, 250000, '2023-03-01 00:00:00', 0),
(78, 4, 26, 250000, '2023-04-01 00:00:00', 0),
(79, 5, 26, 250000, '2023-05-01 00:00:00', 0),
(80, 6, 26, 250000, '2023-06-01 00:00:00', 0),
(81, 7, 26, 250000, '2023-07-01 00:00:00', 0),
(82, 8, 26, 250000, '2023-08-01 00:00:00', 0),
(83, 9, 26, 250000, '2023-09-01 00:00:00', 0),
(84, 10, 26, 250000, '2023-10-01 00:00:00', 0),
(85, 11, 26, 250000, '2023-11-01 00:00:00', 0),
(86, 12, 26, 250000, '2023-12-01 00:00:00', 0),
(87, 1, 27, 250000, '2024-01-01 00:00:00', 0),
(88, 2, 27, 250000, '2024-02-01 00:00:00', 0),
(89, 3, 27, 250000, '2024-03-01 00:00:00', 0),
(90, 4, 27, 250000, '2024-04-01 00:00:00', 0),
(91, 5, 27, 250000, '2024-05-01 00:00:00', 0),
(92, 6, 27, 250000, '2024-06-01 00:00:00', 0),
(93, 7, 27, 250000, '2024-07-01 00:00:00', 0),
(94, 8, 27, 250000, '2024-08-01 00:00:00', 0),
(95, 9, 27, 250000, '2024-09-01 00:00:00', 0),
(96, 10, 27, 250000, '2024-10-01 00:00:00', 0),
(97, 11, 27, 250000, '2024-11-01 00:00:00', 0),
(98, 1, 28, 485000, '1999-01-01 00:00:00', 1),
(99, 1, 29, 112000, '2024-02-01 00:00:00', 0),
(100, 1, 30, 1200000, '2025-01-01 00:00:00', 0),
(101, 1, 31, 119000, '2024-07-01 00:00:00', 0),
(102, 1, 32, 750000, '2024-07-01 00:00:00', 0),
(103, 1, 33, 119000, '2024-07-01 00:00:00', 0),
(104, 1, 34, 244000, '2024-04-01 00:00:00', 0),
(105, 1, 35, 1200000, '2024-06-01 00:00:00', 1),
(106, 1, 36, 244000, '2024-06-01 00:00:00', 0),
(107, 1, 37, 119000, '2024-04-01 00:00:00', 0),
(108, 2, 37, 119000, '2024-05-01 00:00:00', 0),
(109, 3, 37, 119000, '2024-06-01 00:00:00', 0),
(110, 4, 37, 119000, '2024-07-01 00:00:00', 0),
(111, 5, 37, 119000, '2024-08-01 00:00:00', 0),
(112, 6, 37, 119000, '2024-09-01 00:00:00', 0),
(113, 7, 37, 119000, '2024-10-01 00:00:00', 0),
(114, 8, 37, 119000, '2024-11-01 00:00:00', 0),
(115, 9, 37, 119000, '2024-12-01 00:00:00', 0),
(116, 10, 37, 119000, '2025-01-01 00:00:00', 0),
(117, 11, 37, 119000, '2025-02-01 00:00:00', 0),
(118, 12, 37, 119000, '2025-03-01 00:00:00', 0),
(119, 13, 37, 119000, '2025-04-01 00:00:00', 0),
(120, 1, 38, 485000, '2024-01-01 00:00:00', 0),
(121, 2, 38, 485000, '2024-02-01 00:00:00', 0),
(122, 3, 38, 485000, '2024-03-01 00:00:00', 0),
(123, 1, 39, 112000, '2024-04-01 00:00:00', 0),
(124, 2, 39, 112000, '2024-05-01 00:00:00', 0),
(125, 3, 39, 112000, '2024-06-01 00:00:00', 0),
(126, 4, 39, 112000, '2024-07-01 00:00:00', 0),
(127, 5, 39, 112000, '2024-08-01 00:00:00', 0),
(128, 1, 40, 250000, '2024-09-01 00:00:00', 1),
(129, 2, 40, 250000, '2024-10-01 00:00:00', 2),
(130, 3, 40, 250000, '2024-11-01 00:00:00', 0),
(131, 4, 40, 250000, '2024-12-01 00:00:00', 0),
(132, 1, 41, 119000, '2024-01-01 00:00:00', 0),
(133, 2, 41, 119000, '2024-02-01 00:00:00', 0),
(134, 3, 41, 119000, '2024-03-01 00:00:00', 0),
(135, 4, 41, 119000, '2024-04-01 00:00:00', 0),
(136, 5, 41, 119000, '2024-05-01 00:00:00', 0),
(137, 1, 42, 600000, '2024-05-10 00:00:00', 1),
(138, 2, 42, 600000, '2024-06-10 00:00:00', 1),
(139, 3, 42, 600000, '2024-07-10 00:00:00', 0),
(140, 4, 42, 600000, '2024-08-10 00:00:00', 0),
(141, 1, 43, 119000, '2024-05-11 00:00:00', 0),
(142, 2, 43, 119000, '2024-06-11 00:00:00', 0),
(143, 3, 43, 119000, '2024-07-11 00:00:00', 0),
(144, 4, 43, 119000, '2024-08-11 00:00:00', 0),
(145, 5, 43, 119000, '2024-09-11 00:00:00', 0),
(146, 6, 43, 119000, '2024-10-11 00:00:00', 0),
(147, 1, 44, 165000, '2024-06-10 00:00:00', 0),
(148, 2, 44, 165000, '2024-07-10 00:00:00', 0),
(149, 3, 44, 165000, '2024-08-10 00:00:00', 0),
(150, 1, 45, 4500000, '2024-07-01 00:00:00', 0),
(151, 1, 45, 3000000, '2024-07-01 00:00:00', 0),
(152, 1, 50, 150000, '2024-12-08 00:00:00', 0),
(153, 2, 50, 150000, '2025-01-08 00:00:00', 0),
(154, 3, 50, 150000, '2025-02-08 00:00:00', 0),
(155, 1, 51, 150000, '2024-12-08 00:00:00', 0),
(156, 2, 51, 150000, '2025-01-08 00:00:00', 0),
(157, 3, 51, 150000, '2025-02-08 00:00:00', 0);

CREATE TABLE IF NOT EXISTS `Propietarios` (
  `ID` int(11) NOT NULL AUTO_INCREMENT,
  `Correo` varchar(255) COLLATE utf8_bin NOT NULL,
  `Nombre` varchar(128) COLLATE utf8_bin NOT NULL,
  `Contacto` varchar(1000) COLLATE utf8_bin DEFAULT '"Sin especificar"',
  `DNI` varchar(10) COLLATE utf8_bin NOT NULL,
  `Clave` varchar(255) COLLATE utf8_bin NOT NULL,
  PRIMARY KEY (`ID`)
) ENGINE=InnoDB AUTO_INCREMENT=20 DEFAULT CHARSET=utf8 COLLATE=utf8_bin;

INSERT INTO `Propietarios` (`ID`, `Correo`, `Nombre`, `Contacto`, `DNI`, `Clave`) VALUES
(1, '', 'Nombre editado', '\"Sin especificar\"', '', ''),
(4, '', 'Juan Pérez', '  Teléfono: 839-992-5507. Correo: j-perez@example.net ', '3F0912E4', ''),
(5, '', 'John Doe', '839-387-2201', '', '2YtoOzjBzRID0/h24nW8UQ0YP+mcHjRhK+leNyh1Eak='),
(6, '', 'Joao da Silva', '  jdasilva@dotnet-realtors.com ', '3E9A8DE1', ''),
(7, '', 'Joaquim Ribera', ' jribera@dotnet-realtors.com', '', ''),
(9, '', 'Mariano Luzza', ' mluzza@ulp.edu.ar - Universidad de La Punta ', '30998f123a', ''),
(10, '', 'Dotnet Realtors', 'astorarico72@gmail.com; 54 9 2664 685713', '1E8A90BD', ''),
(15, 'webmaster@dotnet-realtors.com', 'Aricó', 'Correo: astorarico72@gmail.com', '8888 7777', 'TEfv4DN5dsvW0Zkx0nihTTf8fCvARjQAcf18AWHmfhQ='),
(16, 'that-one-mobile-user@dotnet-realtors.com', 'Mobile Dummy', '', '7850 9992', 'mZ/8yCPJewC2ebruUDy8v8f2vuHiiOc9B3C2nOEUonc='),
(17, 'astorarico72@gmail.com', 'Webmaster', 'Correo: 5efb599729e750@sandbox.smtp.mailtrap.io', '5570 8F1D', '254KesoSjCpm/GmF8IQCKE1rjqlpdriA2LB8yQ95KcA='),
(18, 'jdoe@example.net', 'Jane Doe', '555-1101, 555 Nondescript Lane, Everytown, America', '4337 8009', 'HCPZOyEKzg/VJx35xQMKBaiG6hfFTNr6vdJft9wPSd0=');


ALTER TABLE `Contratos`
  ADD CONSTRAINT `Contratos_ibfk_2` FOREIGN KEY (`Locatario`) REFERENCES `Inquilinos` (`ID`) ON DELETE CASCADE,
  ADD CONSTRAINT `Contratos_ibfk_3` FOREIGN KEY (`Propiedad`) REFERENCES `Inmuebles` (`ID`) ON DELETE CASCADE;

ALTER TABLE `Inmuebles`
  ADD CONSTRAINT `Inmuebles_ibfk_1` FOREIGN KEY (`Propietario`) REFERENCES `Propietarios` (`ID`);

ALTER TABLE `Pagos`
  ADD CONSTRAINT `Pagos_ibfk_1` FOREIGN KEY (`IdContrato`) REFERENCES `Contratos` (`ID`) ON DELETE CASCADE;
COMMIT;

/*!40101 SET CHARACTER_SET_CLIENT=@OLD_CHARACTER_SET_CLIENT */;
/*!40101 SET CHARACTER_SET_RESULTS=@OLD_CHARACTER_SET_RESULTS */;
/*!40101 SET COLLATION_CONNECTION=@OLD_COLLATION_CONNECTION */;
